country,players,day_30_retention,churn_rate,revenue
Brazil,88,36.4,63.6,111.82
Canada,80,40.0,60.0,171.83
France,104,40.4,59.6,178.81
Germany,99,50.5,49.5,150.89
India,124,38.7,61.3,149.84
Japan,74,32.4,67.6,37.93
Nigeria,87,50.6,49.4,64.87
South Korea,75,38.7,61.3,41.9
United Kingdom,209,34.4,65.6,217.74
United States,260,45.4,54.6,241.72
